{
  "episodes": 100.0,
  "mean_reward": 41.39333406665011,
  "mean_score": 61.479334066650146,
  "mean_solved_count": 28.0,
  "mean_visited_count": 30.0,
  "mean_coverage_fraction": 1.0,
  "mean_objective_dominance_rate": 1.0,
  "mean_subjective_confidence": 0.6341444913497386,
  "mean_subjective_solved_rate": 1.0,
  "mean_objective_solved_rate": 0.9047619047619047,
  "mean_top1_time_share": 0.15642458100558662,
  "mean_top2_time_share": 0.26256983240223475,
  "mean_remaining_time_sec": 0.0,
  "mean_steps": 243.0
}