{
  "rows": [
    {
      "policy_name": "index_order",
      "mean_score": 52.4,
      "mean_reward": 40.639999999999944,
      "mean_easy_recovery_rate": 0.5666666666666667,
      "mean_hard_time_ratio": 0.18382352941176472,
      "mean_skip_count": 0.0
    },
    {
      "policy_name": "easy_first",
      "mean_score": 48.0,
      "mean_reward": 36.77999999999995,
      "mean_easy_recovery_rate": 0.5,
      "mean_hard_time_ratio": 0.16822429906542055,
      "mean_skip_count": 0.0
    },
    {
      "policy_name": "high_score_first",
      "mean_score": 52.4,
      "mean_reward": 40.409999999999954,
      "mean_easy_recovery_rate": 0.5916666666666666,
      "mean_hard_time_ratio": 0.21527777777777776,
      "mean_skip_count": 0.0
    },
    {
      "policy_name": "score_time_ratio",
      "mean_score": 52.2,
      "mean_reward": 40.09999999999999,
      "mean_easy_recovery_rate": 0.5333333333333333,
      "mean_hard_time_ratio": 0.2074074074074074,
      "mean_skip_count": 0.0
    }
  ],
  "episodes": 5
}