{
  "rows": [
    {
      "policy_name": "index_order",
      "mean_score": 71.66666666666667,
      "mean_reward": 64.03166666666655,
      "mean_easy_recovery_rate": 0.7680555555555555,
      "mean_hard_time_ratio": 0.18382352941176466,
      "mean_skip_count": 0.0
    },
    {
      "policy_name": "easy_first",
      "mean_score": 66.46666666666667,
      "mean_reward": 59.479999999999926,
      "mean_easy_recovery_rate": 0.7166666666666667,
      "mean_hard_time_ratio": 0.1682242990654206,
      "mean_skip_count": 0.0
    },
    {
      "policy_name": "high_score_first",
      "mean_score": 72.5,
      "mean_reward": 64.31833333333321,
      "mean_easy_recovery_rate": 0.7569444444444444,
      "mean_hard_time_ratio": 0.21527777777777776,
      "mean_skip_count": 0.0
    },
    {
      "policy_name": "score_time_ratio",
      "mean_score": 72.16666666666667,
      "mean_reward": 64.43333333333334,
      "mean_easy_recovery_rate": 0.7527777777777779,
      "mean_hard_time_ratio": 0.20740740740740737,
      "mean_skip_count": 0.0
    }
  ],
  "episodes": 30
}