{
  "rows": [
    {
      "policy_name": "index_order",
      "mean_score": 97.0,
      "mean_reward": -26.4600000000017,
      "mean_easy_recovery_rate": 0.9583333333333334,
      "mean_hard_time_ratio": 0.18382352941176472,
      "mean_skip_count": 1034.0
    },
    {
      "policy_name": "easy_first",
      "mean_score": 89.0,
      "mean_reward": -36.620000000001795,
      "mean_easy_recovery_rate": 0.9166666666666666,
      "mean_hard_time_ratio": 0.16822429906542055,
      "mean_skip_count": 1063.0
    },
    {
      "policy_name": "high_score_first",
      "mean_score": 93.0,
      "mean_reward": -30.540000000001655,
      "mean_easy_recovery_rate": 0.9166666666666666,
      "mean_hard_time_ratio": 0.2152777777777778,
      "mean_skip_count": 1026.0
    },
    {
      "policy_name": "score_time_ratio",
      "mean_score": 93.0,
      "mean_reward": -14.820000000001087,
      "mean_easy_recovery_rate": 0.9166666666666666,
      "mean_hard_time_ratio": 0.2074074074074074,
      "mean_skip_count": 901.0
    }
  ],
  "episodes": 1
}