{
  "episodes": 100.0,
  "mean_reward": 48.407735340313984,
  "mean_score": 68.89773534031407,
  "mean_solved_count": 28.0,
  "mean_visited_count": 30.0,
  "mean_coverage_fraction": 1.0,
  "mean_objective_dominance_rate": 1.0,
  "mean_subjective_confidence": 0.6696595046968441,
  "mean_subjective_solved_rate": 0.888888888888889,
  "mean_objective_solved_rate": 0.9523809523809522,
  "mean_top1_time_share": 0.116504854368932,
  "mean_top2_time_share": 0.22718446601941747,
  "mean_remaining_time_sec": 0.0,
  "mean_steps": 258.0
}