{
  "rows": [
    {
      "policy_name": "index_order",
      "mean_score": 52.4,
      "mean_reward": 40.67999999999993,
      "mean_easy_recovery_rate": 0.5716666666666667,
      "mean_hard_time_ratio": 0.18382352941176472,
      "mean_skip_count": 0.0
    },
    {
      "policy_name": "easy_first",
      "mean_score": 48.7,
      "mean_reward": 37.959999999999944,
      "mean_easy_recovery_rate": 0.5333333333333333,
      "mean_hard_time_ratio": 0.16822429906542058,
      "mean_skip_count": 0.0
    },
    {
      "policy_name": "high_score_first",
      "mean_score": 53.41,
      "mean_reward": 41.197499999999934,
      "mean_easy_recovery_rate": 0.5629166666666666,
      "mean_hard_time_ratio": 0.21527777777777776,
      "mean_skip_count": 0.0
    },
    {
      "policy_name": "score_time_ratio",
      "mean_score": 52.36,
      "mean_reward": 40.46999999999999,
      "mean_easy_recovery_rate": 0.5516666666666667,
      "mean_hard_time_ratio": 0.20740740740740748,
      "mean_skip_count": 0.0
    }
  ],
  "episodes": 100
}