{
  "episodes": 100.0,
  "mean_reward": 53.78096787727969,
  "mean_score": 73.7829678772797,
  "mean_solved_count": 29.0,
  "mean_visited_count": 30.0,
  "mean_coverage_fraction": 1.0,
  "mean_objective_dominance_rate": 0.9523809523809522,
  "mean_subjective_confidence": 0.7192404206515463,
  "mean_subjective_solved_rate": 1.0,
  "mean_objective_solved_rate": 0.9523809523809522,
  "mean_top1_time_share": 0.11475409836065573,
  "mean_top2_time_share": 0.1967213114754099,
  "mean_remaining_time_sec": 0.0,
  "mean_steps": 235.0
}